Time stamp,TMR,RMS,Min,Max,didt,Power,Temp,OP
2024-11-15 22:43:46.182422,-9,7.1,-9,10,-3,671,664,0.05
2024-11-15 22:43:46.186865,-9,7.1,-9,10,0,671,664,0.05
2024-11-15 22:43:46.189397,-5,7.1,-9,10,4,671,665,0.05
2024-11-15 22:43:46.191315,1,7.1,-9,10,6,671,667,0.05
2024-11-15 22:43:46.193024,7,7.1,-9,10,6,671,668,0.05
2024-11-15 22:43:46.194689,10,7.1,-9,10,3,671,668,0.05
2024-11-15 22:43:46.196166,10,7.1,-9,10,0,671,667,0.05
2024-11-15 22:43:46.197533,6,7.1,-9,10,-4,671,665,0.05
2024-11-15 22:43:46.198903,0,7.1,-9,10,-6,671,664,0.05
2024-11-15 22:43:46.200355,-6,7.1,-9,10,-6,671,664,0.05
2024-11-15 22:43:46.201950,-10,7.1,-9,10,-4,671,665,0.05
2024-11-15 22:43:46.203376,-9,7.1,-9,10,1,671,667,0.05
2024-11-15 22:43:46.204780,-5,7.1,-9,10,4,671,668,0.05
2024-11-15 22:43:46.206082,1,7.1,-9,10,6,671,668,0.05
2024-11-15 22:43:46.207448,7,7.1,-9,10,6,671,667,0.05
2024-11-15 22:43:46.208812,10,7.1,-9,10,3,671,666,0.05
2024-11-15 22:43:46.210276,10,7.1,-9,10,0,671,664,0.05
2024-11-15 22:43:46.211865,6,7.1,-9,10,-4,671,664,0.05
2024-11-15 22:43:46.213220,0,7.1,-9,10,-6,671,665,0.05
2024-11-15 22:43:46.214594,-7,7.1,-9,10,-7,671,666,0.05
2024-11-15 22:43:46.216114,-10,7.4,-10,10,-3,671,668,0.05
2024-11-15 22:43:46.217516,-9,7.4,-10,10,1,672,668,0.05
2024-11-15 22:43:46.218912,-5,7.4,-10,10,4,671,668,0.05
2024-11-15 22:43:46.220272,1,7.4,-10,10,6,671,666,0.05
2024-11-15 22:43:46.221590,7,7.4,-10,10,6,671,664,0.05
2024-11-15 22:43:46.222989,10,7.4,-10,10,3,671,664,0.05
2024-11-15 22:43:46.224393,9,7.4,-10,10,-1,671,664,0.05
2024-11-15 22:43:46.225747,6,7.4,-10,10,-3,671,665,0.05
2024-11-15 22:43:46.227161,0,7.4,-10,10,-6,672,667,0.05
2024-11-15 22:43:46.228805,-6,7.4,-10,10,-6,671,668,0.05
2024-11-15 22:43:46.230280,-9,7.1,-10,10,-3,672,668,0.05
2024-11-15 22:43:46.231734,-9,7.1,-10,10,0,671,667,0.05
2024-11-15 22:43:46.233170,-5,7.1,-10,10,4,671,665,0.05
2024-11-15 22:43:46.234591,1,7.1,-10,10,6,671,664,0.05
2024-11-15 22:43:46.236107,7,7.1,-10,10,6,671,664,0.05
2024-11-15 22:43:46.237630,11,7.1,-10,10,4,671,665,0.05
2024-11-15 22:43:46.239084,10,7.1,-10,10,-1,671,667,0.05
2024-11-15 22:43:46.240486,6,7.1,-10,10,-4,672,668,0.05
2024-11-15 22:43:46.241876,0,7.1,-10,10,-6,671,668,0.05
2024-11-15 22:43:46.243313,-6,7.1,-10,10,-6,671,667,0.05
2024-11-15 22:43:46.244793,-10,7.3,-9,11,-4,671,666,0.05
2024-11-15 22:43:46.246104,-9,7.3,-9,11,1,672,664,0.05
2024-11-15 22:43:46.247410,-5,7.3,-9,11,4,671,664,0.05
2024-11-15 22:43:46.248690,1,7.3,-9,11,6,671,665,0.05
2024-11-15 22:43:46.249948,7,7.3,-9,11,6,671,666,0.05
2024-11-15 22:43:46.251299,11,7.3,-9,11,4,671,668,0.05
2024-11-15 22:43:46.252785,10,7.3,-9,11,-1,671,668,0.05
2024-11-15 22:43:46.254122,6,7.3,-9,11,-4,671,668,0.05
2024-11-15 22:43:46.255449,0,7.3,-9,11,-6,672,666,0.05
2024-11-15 22:43:46.256817,-6,7.3,-9,11,-6,671,665,0.05
2024-11-15 22:43:46.258265,-9,7.4,-10,11,-3,671,664,0.05
2024-11-15 22:43:46.259839,-9,7.4,-10,11,0,671,664,0.05
2024-11-15 22:43:46.261316,-5,7.4,-10,11,4,671,665,0.05
2024-11-15 22:43:46.262698,1,7.4,-10,11,6,671,667,0.05
2024-11-15 22:43:46.264132,7,7.4,-10,11,6,671,668,0.05
2024-11-15 22:43:46.265618,10,7.4,-10,11,3,671,668,0.05
2024-11-15 22:43:46.267151,10,7.4,-10,11,0,671,667,0.05
2024-11-15 22:43:46.268667,5,7.4,-10,11,-5,671,665,0.05
2024-11-15 22:43:46.270062,0,7.4,-10,11,-5,671,664,0.05
2024-11-15 22:43:46.271517,-6,7.4,-10,11,-6,672,664,0.05
2024-11-15 22:43:46.272937,-10,7.1,-9,10,-4,671,665,0.05
2024-11-15 22:43:46.274246,-9,7.1,-9,10,1,671,667,0.05
2024-11-15 22:43:46.275608,-4,7.1,-9,10,5,672,668,0.05
2024-11-15 22:43:46.276866,1,7.1,-9,10,5,671,668,0.05
2024-11-15 22:43:46.278114,7,7.1,-9,10,6,671,667,0.05
2024-11-15 22:43:46.279467,10,7.1,-9,10,3,671,666,0.05
2024-11-15 22:43:46.280800,10,7.1,-9,10,0,671,664,0.05
2024-11-15 22:43:46.282104,5,7.1,-9,10,-5,671,664,0.05
2024-11-15 22:43:46.283413,0,7.1,-9,10,-5,671,665,0.05
2024-11-15 22:43:46.284816,-6,7.1,-9,10,-6,671,666,0.05
2024-11-15 22:43:46.286263,-9,7.1,-10,10,-3,671,668,0.05
2024-11-15 22:43:46.287691,-9,7.1,-10,10,0,672,668,0.05
2024-11-15 22:43:46.289080,-5,7.1,-10,10,4,671,668,0.05
2024-11-15 22:43:46.290514,1,7.1,-10,10,6,671,666,0.05
2024-11-15 22:43:46.291965,7,7.1,-10,10,6,671,665,0.05
2024-11-15 22:43:46.293388,10,7.1,-10,10,3,671,664,0.05
2024-11-15 22:43:46.294831,10,7.1,-10,10,0,671,664,0.05
2024-11-15 22:43:46.296310,6,7.1,-10,10,-4,671,665,0.05
2024-11-15 22:43:46.297866,0,7.1,-10,10,-6,671,667,0.05
2024-11-15 22:43:46.299457,-6,7.1,-10,10,-6,671,668,0.05
2024-11-15 22:43:46.300867,-9,7.1,-9,10,-3,671,668,0.05
2024-11-15 22:43:46.302192,-9,7.1,-9,10,0,671,667,0.05
2024-11-15 22:43:46.303590,-5,7.1,-9,10,4,672,665,0.05
2024-11-15 22:43:46.304882,1,7.1,-9,10,6,671,664,0.05
2024-11-15 22:43:46.306141,7,7.1,-9,10,6,671,664,0.05
2024-11-15 22:43:46.307496,10,7.1,-9,10,3,671,665,0.05
2024-11-15 22:43:46.308821,10,7.1,-9,10,0,671,667,0.05
2024-11-15 22:43:46.310118,6,7.1,-9,10,-4,671,668,0.05
2024-11-15 22:43:46.311912,0,7.1,-9,10,-6,671,668,0.05
2024-11-15 22:43:46.313320,-6,7.1,-9,10,-6,672,667,0.05
2024-11-15 22:43:46.314750,-10,7.1,-9,10,-4,671,666,0.05
2024-11-15 22:43:46.316081,-9,7.1,-9,10,1,671,664,0.05
2024-11-15 22:43:46.317422,-4,7.1,-9,10,5,671,664,0.05
2024-11-15 22:43:46.318739,2,7.1,-9,10,6,671,665,0.05
2024-11-15 22:43:46.320085,7,7.1,-9,10,5,671,666,0.05
2024-11-15 22:43:46.321533,10,7.1,-9,10,3,671,668,0.05
2024-11-15 22:43:46.322966,10,7.1,-9,10,0,671,668,0.05
2024-11-15 22:43:46.324367,5,7.1,-9,10,-5,671,667,0.05
2024-11-15 22:43:46.325773,0,7.1,-9,10,-5,672,666,0.05
2024-11-15 22:43:46.327296,-6,7.1,-9,10,-6,671,664,0.05
2024-11-15 22:43:53.364000,-19,14.3,-19,20,-1,671,664,0.1
2024-11-15 22:43:53.368412,-13,14.3,-19,20,6,671,665,0.1
2024-11-15 22:43:53.371694,-1,14.3,-19,20,12,671,667,0.1
2024-11-15 22:43:53.374086,11,14.3,-19,20,12,671,668,0.1
2024-11-15 22:43:53.376392,19,14.3,-19,20,8,671,668,0.1
2024-11-15 22:43:53.377911,20,14.3,-19,20,1,671,667,0.1
2024-11-15 22:43:53.379404,14,14.3,-19,20,-6,671,665,0.1
2024-11-15 22:43:53.381048,2,14.3,-19,20,-12,671,664,0.1
2024-11-15 22:43:53.382700,-10,14.3,-19,20,-12,671,664,0.1
2024-11-15 22:43:53.384428,-18,14.3,-19,20,-8,671,665,0.1
2024-11-15 22:43:53.386027,-19,14.3,-19,20,-1,671,666,0.1
2024-11-15 22:43:53.387580,-13,14.3,-19,20,6,671,668,0.1
2024-11-15 22:43:53.389134,-1,14.3,-19,20,12,671,668,0.1
2024-11-15 22:43:53.390844,11,14.3,-19,20,12,671,667,0.1
2024-11-15 22:43:53.392484,19,14.3,-19,20,8,671,666,0.1
2024-11-15 22:43:53.394124,20,14.3,-19,20,1,671,664,0.1
2024-11-15 22:43:53.395682,13,14.3,-19,20,-7,671,663,0.1
2024-11-15 22:43:53.397407,2,14.3,-19,20,-11,671,664,0.1
2024-11-15 22:43:53.398989,-10,14.3,-19,20,-12,671,665,0.1
2024-11-15 22:43:53.400549,-18,14.3,-19,20,-8,671,667,0.1
2024-11-15 22:43:53.402069,-19,14.3,-19,20,-1,671,668,0.1
2024-11-15 22:43:53.403558,-13,14.2,-19,20,6,671,668,0.1
2024-11-15 22:43:53.405060,-1,14.2,-19,20,12,671,667,0.1
2024-11-15 22:43:53.406556,11,14.2,-19,20,12,671,665,0.1
2024-11-15 22:43:53.408119,19,14.2,-19,20,8,671,664,0.1
2024-11-15 22:43:53.409549,20,14.2,-19,20,1,671,664,0.1
2024-11-15 22:43:53.411101,13,14.2,-19,20,-7,671,665,0.1
2024-11-15 22:43:53.412781,2,14.2,-19,20,-11,671,667,0.1
2024-11-15 22:43:53.414455,-10,14.2,-19,20,-12,671,668,0.1
2024-11-15 22:43:53.416053,-18,14.2,-19,20,-8,671,668,0.1
2024-11-15 22:43:53.417645,-19,14.2,-19,20,-1,671,667,0.1
2024-11-15 22:43:53.419293,-13,14.2,-19,20,6,671,665,0.1
2024-11-15 22:43:53.421083,-1,14.2,-19,20,12,672,664,0.1
2024-11-15 22:43:53.422613,11,14.2,-19,20,12,671,664,0.1
2024-11-15 22:43:53.424073,19,14.2,-19,20,8,671,665,0.1
2024-11-15 22:43:53.425729,20,14.2,-19,20,1,671,666,0.1
2024-11-15 22:43:53.427225,14,14.2,-19,20,-6,671,668,0.1
2024-11-15 22:43:53.428724,2,14.2,-19,20,-12,671,668,0.1
2024-11-15 22:43:53.430311,-10,14.2,-19,20,-12,672,667,0.1
2024-11-15 22:43:53.431855,-18,14.2,-19,20,-8,671,666,0.1
2024-11-15 22:43:53.433369,-19,14.2,-19,20,-1,671,664,0.1
2024-11-15 22:43:53.434844,-13,14.3,-19,20,6,671,664,0.1
2024-11-15 22:43:53.436392,-1,14.3,-19,20,12,671,664,0.1
2024-11-15 22:43:53.437857,11,14.3,-19,20,12,671,666,0.1
2024-11-15 22:43:53.439268,19,14.3,-19,20,8,671,668,0.1
2024-11-15 22:43:53.440816,20,14.3,-19,20,1,671,668,0.1
2024-11-15 22:43:53.442358,13,14.3,-19,20,-7,671,668,0.1
2024-11-15 22:43:53.444059,2,14.3,-19,20,-11,671,667,0.1
2024-11-15 22:43:53.445719,-10,14.3,-19,20,-12,671,665,0.1
2024-11-15 22:43:53.447307,-18,14.3,-19,20,-8,671,664,0.1
2024-11-15 22:43:53.448979,-19,14.3,-19,20,-1,671,664,0.1
2024-11-15 22:43:53.450601,-13,14.2,-19,20,6,671,665,0.1
2024-11-15 22:43:53.452313,-1,14.2,-19,20,12,671,667,0.1
2024-11-15 22:43:53.453921,11,14.2,-19,20,12,671,668,0.1
2024-11-15 22:43:53.455387,19,14.2,-19,20,8,671,668,0.1
2024-11-15 22:43:53.457074,20,14.2,-19,20,1,671,667,0.1
2024-11-15 22:43:53.458676,14,14.2,-19,20,-6,671,665,0.1
2024-11-15 22:43:53.460187,2,14.2,-19,20,-12,671,664,0.1
2024-11-15 22:43:53.461755,-10,14.2,-19,20,-12,671,664,0.1
2024-11-15 22:43:53.463284,-18,14.2,-19,20,-8,671,665,0.1
2024-11-15 22:43:53.464826,-19,14.2,-19,20,-1,671,666,0.1
2024-11-15 22:43:53.466318,-13,14.3,-19,20,6,671,668,0.1
2024-11-15 22:43:53.467809,-1,14.3,-19,20,12,671,668,0.1
2024-11-15 22:43:53.469306,12,14.3,-19,20,13,672,667,0.1
2024-11-15 22:43:53.470728,19,14.3,-19,20,7,671,666,0.1
2024-11-15 22:43:53.472204,20,14.3,-19,20,1,671,664,0.1
2024-11-15 22:43:53.473715,13,14.3,-19,20,-7,671,664,0.1
2024-11-15 22:43:53.475364,1,14.3,-19,20,-12,671,664,0.1
2024-11-15 22:43:53.477054,-11,14.3,-19,20,-12,671,665,0.1
2024-11-15 22:43:53.478632,-18,14.3,-19,20,-7,672,667,0.1
2024-11-15 22:43:53.480294,-19,14.3,-19,20,-1,671,668,0.1
2024-11-15 22:43:53.481897,-12,14.3,-19,20,7,671,668,0.1
2024-11-15 22:43:53.483677,-1,14.3,-19,20,11,672,667,0.1
2024-11-15 22:43:53.485216,12,14.3,-19,20,13,671,665,0.1
2024-11-15 22:43:53.486633,19,14.3,-19,20,7,671,664,0.1
2024-11-15 22:43:53.488453,20,14.3,-19,20,1,671,664,0.1
2024-11-15 22:43:53.489930,13,14.3,-19,20,-7,671,665,0.1
2024-11-15 22:43:53.491538,1,14.3,-19,20,-12,671,667,0.1
2024-11-15 22:43:53.493146,-10,14.3,-19,20,-11,671,668,0.1
2024-11-15 22:43:53.494671,-18,14.3,-19,20,-8,671,668,0.1
2024-11-15 22:43:53.496227,-19,14.3,-19,20,-1,671,667,0.1
2024-11-15 22:43:53.497698,-12,14.2,-19,20,7,671,665,0.1
2024-11-15 22:43:53.499195,-1,14.2,-19,20,11,671,664,0.1
2024-11-15 22:43:53.500701,12,14.2,-19,20,13,671,664,0.1
2024-11-15 22:43:53.502117,19,14.2,-19,20,7,671,665,0.1
2024-11-15 22:43:53.503544,20,14.2,-19,20,1,671,666,0.1
2024-11-15 22:43:53.505054,13,14.2,-19,20,-7,671,668,0.1
2024-11-15 22:43:53.506604,2,14.2,-19,20,-11,671,668,0.1
2024-11-15 22:43:53.508335,-11,14.2,-19,20,-13,671,667,0.1
2024-11-15 22:43:53.509904,-19,14.2,-19,20,-8,671,666,0.1
2024-11-15 22:43:53.511523,-19,14.2,-19,20,0,671,664,0.1
2024-11-15 22:43:53.513148,-12,14.4,-19,20,7,671,664,0.1
2024-11-15 22:43:53.514825,-1,14.4,-19,20,11,672,664,0.1
2024-11-15 22:43:53.516511,11,14.4,-19,20,12,671,665,0.1
2024-11-15 22:43:53.517955,19,14.4,-19,20,8,671,667,0.1
2024-11-15 22:43:53.519609,20,14.4,-19,20,1,671,668,0.1
2024-11-15 22:43:53.521129,13,14.4,-19,20,-7,671,668,0.1
2024-11-15 22:43:53.522526,1,14.4,-19,20,-12,671,667,0.1
2024-11-15 22:43:53.524274,-11,14.4,-19,20,-12,671,665,0.1
2024-11-15 22:43:53.525837,-18,14.4,-19,20,-7,671,664,0.1
2024-11-15 22:44:00.563046,-16,28.7,-40,41,-26,671,664,0.2
2024-11-15 22:44:00.568248,-34,28.7,-40,41,-18,671,664,0.2
2024-11-15 22:44:00.571251,-40,28.7,-40,41,-6,671,666,0.2
2024-11-15 22:44:00.573354,-30,28.7,-40,41,10,671,668,0.2
2024-11-15 22:44:00.575324,-9,28.7,-40,41,21,671,668,0.2
2024-11-15 22:44:00.576940,16,28.7,-40,41,25,671,668,0.2
2024-11-15 22:44:00.578436,35,28.7,-40,41,19,672,666,0.2
2024-11-15 22:44:00.580023,41,28.7,-40,41,6,671,664,0.2
2024-11-15 22:44:00.581712,31,28.7,-40,41,-10,671,664,0.2
2024-11-15 22:44:00.583231,9,28.7,-40,41,-22,671,664,0.2
2024-11-15 22:44:00.584907,-16,28.7,-40,41,-25,671,665,0.2
2024-11-15 22:44:00.586579,-34,28.7,-40,41,-18,672,667,0.2
2024-11-15 22:44:00.588347,-40,28.7,-40,41,-6,671,668,0.2
2024-11-15 22:44:00.590078,-30,28.7,-40,41,10,671,668,0.2
2024-11-15 22:44:00.591623,-9,28.7,-40,41,21,671,667,0.2
2024-11-15 22:44:00.593105,16,28.6,-40,41,25,671,665,0.2
2024-11-15 22:44:00.594603,35,28.6,-40,41,19,671,664,0.2
2024-11-15 22:44:00.596084,41,28.6,-40,41,6,671,664,0.2
2024-11-15 22:44:00.597648,31,28.6,-40,41,-10,672,665,0.2
2024-11-15 22:44:00.599128,9,28.6,-40,41,-22,671,667,0.2
2024-11-15 22:44:00.600727,-16,28.6,-40,41,-25,671,668,0.2
2024-11-15 22:44:00.602298,-34,28.6,-40,41,-18,672,668,0.2
2024-11-15 22:44:00.603857,-40,28.6,-40,41,-6,672,667,0.2
2024-11-15 22:44:00.605380,-30,28.6,-40,41,10,671,666,0.2
2024-11-15 22:44:00.606923,-8,28.6,-40,41,22,671,664,0.2
2024-11-15 22:44:00.608629,17,28.6,-40,41,25,671,664,0.2
2024-11-15 22:44:00.610176,35,28.6,-40,41,18,671,665,0.2
2024-11-15 22:44:00.611682,41,28.6,-40,41,6,671,666,0.2
2024-11-15 22:44:00.613281,31,28.6,-40,41,-10,671,668,0.2
2024-11-15 22:44:00.614935,9,28.6,-40,41,-22,671,668,0.2
2024-11-15 22:44:00.616756,-16,28.6,-40,41,-25,672,668,0.2
2024-11-15 22:44:00.618398,-35,28.6,-40,41,-19,671,666,0.2
2024-11-15 22:44:00.619974,-40,28.6,-40,41,-5,671,664,0.2
2024-11-15 22:44:00.621507,-30,28.6,-40,41,10,671,664,0.2
2024-11-15 22:44:00.622983,-9,28.6,-40,41,21,671,664,0.2
2024-11-15 22:44:00.624472,17,28.8,-40,41,26,671,665,0.2
2024-11-15 22:44:00.625960,35,28.8,-40,41,18,671,667,0.2
2024-11-15 22:44:00.627376,41,28.8,-40,41,6,671,668,0.2
2024-11-15 22:44:00.628946,31,28.8,-40,41,-10,671,668,0.2
2024-11-15 22:44:00.630461,9,28.8,-40,41,-22,671,667,0.2
2024-11-15 22:44:00.632113,-16,28.8,-40,41,-25,671,665,0.2
2024-11-15 22:44:00.633697,-35,28.8,-40,41,-19,671,664,0.2
2024-11-15 22:44:00.635214,-40,28.8,-40,41,-5,671,664,0.2
2024-11-15 22:44:00.636765,-30,28.8,-40,41,10,671,665,0.2
2024-11-15 22:44:00.638280,-8,28.8,-40,41,22,671,667,0.2
2024-11-15 22:44:00.640008,17,28.8,-40,41,25,671,668,0.2
2024-11-15 22:44:00.641560,36,28.8,-40,41,19,671,668,0.2
2024-11-15 22:44:00.643016,41,28.8,-40,41,5,671,667,0.2
2024-11-15 22:44:00.644672,31,28.8,-40,41,-10,671,666,0.2
2024-11-15 22:44:00.646285,9,28.8,-40,41,-22,671,664,0.2
2024-11-15 22:44:00.648132,-16,28.8,-40,41,-25,671,664,0.2
2024-11-15 22:44:00.649796,-35,28.8,-40,41,-19,671,664,0.2
2024-11-15 22:44:00.651324,-40,28.8,-40,41,-5,671,666,0.2
2024-11-15 22:44:00.652913,-30,28.8,-40,41,10,671,668,0.2
2024-11-15 22:44:00.654428,-8,28.8,-40,41,22,671,668,0.2
2024-11-15 22:44:00.655967,17,28.9,-40,41,25,671,668,0.2
2024-11-15 22:44:00.657448,35,28.9,-40,41,18,671,667,0.2
2024-11-15 22:44:00.658887,41,28.9,-40,41,6,671,665,0.2
2024-11-15 22:44:00.660447,31,28.9,-40,41,-10,672,664,0.2
2024-11-15 22:44:00.661931,9,28.9,-40,41,-22,671,664,0.2
2024-11-15 22:44:00.663567,-16,28.9,-40,41,-25,671,665,0.2
2024-11-15 22:44:00.665183,-35,28.9,-40,41,-19,672,667,0.2
2024-11-15 22:44:00.666716,-40,28.9,-40,41,-5,671,668,0.2
2024-11-15 22:44:00.668300,-30,28.9,-40,41,10,671,668,0.2
2024-11-15 22:44:00.669806,-8,28.9,-40,41,22,671,667,0.2
2024-11-15 22:44:00.671461,17,28.8,-40,41,25,671,665,0.2
2024-11-15 22:44:00.673013,36,28.8,-40,41,19,671,664,0.2
2024-11-15 22:44:00.674487,40,28.8,-40,41,4,671,664,0.2
2024-11-15 22:44:00.676094,31,28.8,-40,41,-9,671,665,0.2
2024-11-15 22:44:00.677701,8,28.8,-40,41,-23,671,667,0.2
2024-11-15 22:44:00.679463,-16,28.8,-40,41,-24,671,668,0.2
2024-11-15 22:44:00.681155,-35,28.8,-40,41,-19,671,668,0.2
2024-11-15 22:44:00.682720,-40,28.8,-40,41,-5,671,667,0.2
2024-11-15 22:44:00.684309,-29,28.8,-40,41,11,671,666,0.2
2024-11-15 22:44:00.685796,-8,28.8,-40,41,21,671,664,0.2
2024-11-15 22:44:00.687263,17,28.6,-40,40,25,671,664,0.2
2024-11-15 22:44:00.688763,36,28.6,-40,40,19,671,665,0.2
2024-11-15 22:44:00.690202,41,28.6,-40,40,5,671,666,0.2
2024-11-15 22:44:00.691745,31,28.6,-40,40,-10,671,667,0.2
2024-11-15 22:44:00.693209,9,28.6,-40,40,-22,671,668,0.2
2024-11-15 22:44:00.694791,-16,28.6,-40,40,-25,671,667,0.2
2024-11-15 22:44:00.696417,-35,28.6,-40,40,-19,671,666,0.2
2024-11-15 22:44:00.697946,-40,28.6,-40,40,-5,671,665,0.2
2024-11-15 22:44:00.699494,-30,28.6,-40,40,10,671,664,0.2
2024-11-15 22:44:00.701018,-8,28.6,-40,40,22,671,664,0.2
2024-11-15 22:44:00.702688,17,28.9,-40,41,25,671,665,0.2
2024-11-15 22:44:00.704281,36,28.9,-40,41,19,671,667,0.2
2024-11-15 22:44:00.705737,41,28.9,-40,41,5,671,668,0.2
2024-11-15 22:44:00.707316,31,28.9,-40,41,-10,671,668,0.2
2024-11-15 22:44:00.708953,9,28.9,-40,41,-22,671,667,0.2
2024-11-15 22:44:00.710737,-16,28.9,-40,41,-25,671,665,0.2
2024-11-15 22:44:00.712415,-35,28.9,-40,41,-19,671,664,0.2
2024-11-15 22:44:00.713991,-40,28.9,-40,41,-5,671,664,0.2
2024-11-15 22:44:00.715555,-29,28.9,-40,41,11,671,665,0.2
2024-11-15 22:44:00.717022,-8,28.9,-40,41,21,671,667,0.2
2024-11-15 22:44:00.718497,17,28.8,-40,41,25,671,668,0.2
2024-11-15 22:44:00.720013,36,28.8,-40,41,19,671,668,0.2
2024-11-15 22:44:00.721426,41,28.8,-40,41,5,672,667,0.2
2024-11-15 22:44:00.722941,30,28.8,-40,41,-11,671,665,0.2
2024-11-15 22:44:00.724488,8,28.8,-40,41,-22,671,664,0.2
2024-11-15 22:44:07.757712,-26,72.1,-101,102,-62,672,665,0.5
2024-11-15 22:44:07.762837,-80,72.1,-101,102,-54,671,666,0.5
2024-11-15 22:44:07.765420,-102,72.1,-101,102,-22,671,668,0.5
2024-11-15 22:44:07.767480,-85,72.1,-101,102,17,671,668,0.5
2024-11-15 22:44:07.769386,-35,72.1,-101,102,50,671,667,0.5
2024-11-15 22:44:07.771095,27,72.1,-101,102,62,671,666,0.5
2024-11-15 22:44:07.772972,80,72.1,-101,102,53,671,664,0.5
2024-11-15 22:44:07.774873,102,72.1,-102,102,22,671,664,0.5
2024-11-15 22:44:07.776744,85,72.1,-102,102,-17,671,664,0.5
2024-11-15 22:44:07.778427,36,72.1,-102,102,-49,671,666,0.5
2024-11-15 22:44:07.780194,-27,72.1,-102,102,-63,671,667,0.5
2024-11-15 22:44:07.781936,-80,72.1,-102,102,-53,671,668,0.5
2024-11-15 22:44:07.783811,-102,72.1,-102,102,-22,671,667,0.5
2024-11-15 22:44:07.785485,-85,72.1,-102,102,17,671,666,0.5
2024-11-15 22:44:07.787138,-35,72.1,-102,102,50,671,665,0.5
2024-11-15 22:44:07.788870,28,72.1,-102,102,63,671,664,0.5
2024-11-15 22:44:07.790648,80,72.1,-102,102,52,671,665,0.5
2024-11-15 22:44:07.792427,102,72.2,-102,102,22,671,666,0.5
2024-11-15 22:44:07.794075,85,72.2,-102,102,-17,671,667,0.5
2024-11-15 22:44:07.795787,36,72.2,-102,102,-49,671,668,0.5
2024-11-15 22:44:07.797506,-28,72.2,-102,102,-64,671,668,0.5
2024-11-15 22:44:07.799177,-80,72.2,-102,102,-52,671,667,0.5
2024-11-15 22:44:07.800933,-101,72.2,-102,102,-21,671,665,0.5
2024-11-15 22:44:07.802624,-84,72.2,-102,102,17,671,664,0.5
2024-11-15 22:44:07.804367,-35,72.2,-102,102,49,671,664,0.5
2024-11-15 22:44:07.806141,28,72.2,-102,102,63,671,665,0.5
2024-11-15 22:44:07.807854,80,72.2,-102,102,52,671,667,0.5
2024-11-15 22:44:07.809536,102,72,-101,102,22,671,668,0.5
2024-11-15 22:44:07.811240,85,72,-101,102,-17,671,668,0.5
2024-11-15 22:44:07.813074,35,72,-101,102,-50,671,667,0.5
2024-11-15 22:44:07.814957,-28,72,-101,102,-63,671,665,0.5
2024-11-15 22:44:07.816711,-80,72,-101,102,-52,671,664,0.5
2024-11-15 22:44:07.818503,-101,72,-101,102,-21,671,664,0.5
2024-11-15 22:44:07.820215,-84,72,-101,102,17,671,665,0.5
2024-11-15 22:44:07.821873,-34,72,-101,102,50,671,666,0.5
2024-11-15 22:44:07.823483,28,72,-101,102,62,672,668,0.5
2024-11-15 22:44:07.825052,81,72,-101,102,53,672,668,0.5
2024-11-15 22:44:07.826687,102,72,-101,102,21,672,667,0.5
2024-11-15 22:44:07.828312,85,72,-101,102,-17,671,666,0.5
2024-11-15 22:44:07.829936,35,72,-101,102,-50,671,664,0.5
2024-11-15 22:44:07.831630,-28,72,-101,102,-63,671,664,0.5
2024-11-15 22:44:07.833310,-80,72,-101,102,-52,671,664,0.5
2024-11-15 22:44:07.835022,-102,72,-101,102,-22,671,665,0.5
2024-11-15 22:44:07.836838,-84,72,-101,102,18,672,667,0.5
2024-11-15 22:44:07.838574,-34,72,-101,102,50,671,668,0.5
2024-11-15 22:44:07.840252,29,72,-101,102,63,671,668,0.5
2024-11-15 22:44:07.841952,81,72,-101,102,52,671,667,0.5
2024-11-15 22:44:07.843759,102,72.1,-102,102,21,671,665,0.5
2024-11-15 22:44:07.845601,84,72.1,-102,102,-18,671,664,0.5
2024-11-15 22:44:07.847286,35,72.1,-102,102,-49,671,664,0.5
2024-11-15 22:44:07.849000,-28,72.1,-102,102,-63,671,665,0.5
2024-11-15 22:44:07.850689,-80,72.1,-102,102,-52,671,667,0.5
2024-11-15 22:44:07.852490,-102,72.1,-102,102,-22,671,668,0.5
2024-11-15 22:44:07.854140,-84,72.1,-102,102,18,671,668,0.5
2024-11-15 22:44:07.855789,-33,72.1,-102,102,51,672,667,0.5
2024-11-15 22:44:07.857355,29,72.1,-102,102,62,671,666,0.5
2024-11-15 22:44:07.858925,81,72.1,-102,102,52,671,664,0.5
2024-11-15 22:44:07.860574,102,72,-102,102,21,671,664,0.5
2024-11-15 22:44:07.862192,84,72,-102,102,-18,671,664,0.5
2024-11-15 22:44:07.863856,34,72,-102,102,-50,671,666,0.5
2024-11-15 22:44:07.865533,-29,72,-102,102,-63,671,668,0.5
2024-11-15 22:44:07.867256,-80,72,-102,102,-51,671,668,0.5
2024-11-15 22:44:07.869205,-102,72,-102,102,-22,671,667,0.5
2024-11-15 22:44:07.870883,-84,72,-102,102,18,671,666,0.5
2024-11-15 22:44:07.872604,-33,72,-102,102,51,672,664,0.5
2024-11-15 22:44:07.874267,29,72,-102,102,62,672,664,0.5
2024-11-15 22:44:07.876068,81,72,-102,102,52,671,664,0.5
2024-11-15 22:44:07.877882,102,72,-102,102,21,671,665,0.5
2024-11-15 22:44:07.879572,84,72,-102,102,-18,671,667,0.5
2024-11-15 22:44:07.881220,34,72,-102,102,-50,671,668,0.5
2024-11-15 22:44:07.882893,-29,72,-102,102,-63,671,668,0.5
2024-11-15 22:44:07.884590,-81,72,-102,102,-52,671,667,0.5
2024-11-15 22:44:07.886352,-102,72,-102,102,-21,671,665,0.5
2024-11-15 22:44:07.888044,-84,72,-102,102,18,671,664,0.5
2024-11-15 22:44:07.889664,-33,72,-102,102,51,671,664,0.5
2024-11-15 22:44:07.891233,30,72,-102,102,63,671,665,0.5
2024-11-15 22:44:07.892831,81,72,-102,102,51,671,667,0.5
2024-11-15 22:44:07.894458,102,72.1,-102,102,21,671,668,0.5
2024-11-15 22:44:07.896115,84,72.1,-102,102,-18,671,668,0.5
2024-11-15 22:44:07.897743,34,72.1,-102,102,-50,671,667,0.5
2024-11-15 22:44:07.899635,-29,72.1,-102,102,-63,671,665,0.5
2024-11-15 22:44:07.901413,-81,72.1,-102,102,-52,671,664,0.5
2024-11-15 22:44:07.903191,-102,72.1,-102,102,-21,671,664,0.5
2024-11-15 22:44:07.904927,-83,72.1,-102,102,19,671,665,0.5
2024-11-15 22:44:07.906697,-33,72.1,-102,102,50,671,666,0.5
2024-11-15 22:44:07.908497,30,72.1,-102,102,63,671,668,0.5
2024-11-15 22:44:07.910159,81,72.1,-102,102,51,671,668,0.5
2024-11-15 22:44:07.911845,102,72,-102,102,21,671,667,0.5
2024-11-15 22:44:07.913513,84,72,-102,102,-18,672,666,0.5
2024-11-15 22:44:07.915138,34,72,-102,102,-50,671,664,0.5
2024-11-15 22:44:07.916849,-29,72,-102,102,-63,671,664,0.5
2024-11-15 22:44:07.918514,-81,72,-102,102,-52,671,664,0.5
2024-11-15 22:44:07.920290,-102,72,-102,102,-21,671,666,0.5
2024-11-15 22:44:07.921928,-83,72,-102,102,19,672,668,0.5
2024-11-15 22:44:07.923614,-33,72,-102,102,50,672,668,0.5
2024-11-15 22:44:07.925190,30,72,-102,102,63,672,668,0.5
2024-11-15 22:44:07.926752,82,72,-102,102,52,671,667,0.5
2024-11-15 22:44:07.928418,102,72.1,-102,102,20,671,665,0.5
2024-11-15 22:44:07.930094,83,72.1,-102,102,-19,671,664,0.5
2024-11-15 22:44:07.931921,33,72.1,-102,102,-50,671,664,0.5
2024-11-15 22:44:14.968346,-98,144.4,-200,201,86,671,665,1
2024-11-15 22:44:14.973152,26,144.4,-200,201,124,671,664,1
2024-11-15 22:44:14.976384,140,144.4,-200,201,114,671,664,1
2024-11-15 22:44:14.978354,200,144.4,-200,201,60,671,665,1
2024-11-15 22:44:14.980550,184,144.4,-200,201,-16,671,667,1
2024-11-15 22:44:14.982409,98,144,-200,200,-86,671,668,1
2024-11-15 22:44:14.984396,-25,144,-200,200,-123,671,668,1
2024-11-15 22:44:14.986349,-140,144,-200,200,-115,671,667,1
2024-11-15 22:44:14.988291,-200,144,-200,200,-60,671,665,1
2024-11-15 22:44:14.990137,-184,144,-200,200,16,671,664,1
2024-11-15 22:44:14.991981,-97,144,-200,200,87,671,664,1
2024-11-15 22:44:14.993715,26,144,-200,200,123,671,665,1
2024-11-15 22:44:14.995576,140,144,-200,200,114,671,667,1
2024-11-15 22:44:14.997495,201,144,-200,200,61,671,668,1
2024-11-15 22:44:14.999373,185,144,-200,200,-16,671,668,1
2024-11-15 22:44:15.001120,98,144.2,-200,201,-87,671,667,1
2024-11-15 22:44:15.002933,-26,144.2,-200,201,-124,671,666,1
2024-11-15 22:44:15.004812,-140,144.2,-200,201,-114,671,664,1
2024-11-15 22:44:15.006618,-200,144.2,-200,201,-60,671,664,1
2024-11-15 22:44:15.008459,-184,144.2,-200,201,16,671,664,1
2024-11-15 22:44:15.010160,-97,144.2,-200,201,87,671,666,1
2024-11-15 22:44:15.011854,28,144.2,-200,201,125,671,668,1
2024-11-15 22:44:15.013579,141,144.2,-200,201,113,671,668,1
2024-11-15 22:44:15.015446,201,144.2,-200,201,60,671,668,1
2024-11-15 22:44:15.017253,184,144.2,-200,201,-17,672,667,1
2024-11-15 22:44:15.018811,97,144.2,-200,201,-87,671,665,1
2024-11-15 22:44:15.020491,-27,144.2,-200,201,-124,672,664,1
2024-11-15 22:44:15.022456,-141,144.2,-200,201,-114,672,664,1
2024-11-15 22:44:15.024531,-201,144.2,-200,201,-60,671,665,1
2024-11-15 22:44:15.026351,-183,144.2,-200,201,18,671,667,1
2024-11-15 22:44:15.028109,-96,144.2,-200,201,87,671,668,1
2024-11-15 22:44:15.029818,28,144.2,-200,201,124,671,668,1
2024-11-15 22:44:15.031569,142,144.2,-200,201,114,671,667,1
2024-11-15 22:44:15.033264,201,144.2,-200,201,59,671,666,1
2024-11-15 22:44:15.034996,184,144.2,-200,201,-17,671,664,1
2024-11-15 22:44:15.036700,96,144.3,-201,201,-88,671,664,1
2024-11-15 22:44:15.038495,-28,144.3,-201,201,-124,671,665,1
2024-11-15 22:44:15.040359,-141,144.3,-201,201,-113,671,666,1
2024-11-15 22:44:15.042175,-201,144.3,-201,201,-60,671,668,1
2024-11-15 22:44:15.043966,-183,144.3,-201,201,18,671,668,1
2024-11-15 22:44:15.045715,-95,144.3,-201,201,88,671,668,1
2024-11-15 22:44:15.047587,29,144.3,-201,201,124,672,667,1
2024-11-15 22:44:15.049405,142,144.3,-201,201,113,671,665,1
2024-11-15 22:44:15.051142,201,144.3,-201,201,59,671,664,1
2024-11-15 22:44:15.052973,183,144.3,-201,201,-18,671,664,1
2024-11-15 22:44:15.054823,95,144.1,-201,201,-88,671,665,1
2024-11-15 22:44:15.056880,-29,144.1,-201,201,-124,671,667,1
2024-11-15 22:44:15.058772,-142,144.1,-201,201,-113,672,668,1
2024-11-15 22:44:15.060596,-201,144.1,-201,201,-59,671,668,1
2024-11-15 22:44:15.062325,-183,144.1,-201,201,18,671,667,1
2024-11-15 22:44:15.064043,-95,144.1,-201,201,88,671,665,1
2024-11-15 22:44:15.065720,30,144.1,-201,201,125,671,664,1
2024-11-15 22:44:15.067482,143,144.1,-201,201,113,671,664,1
2024-11-15 22:44:15.069158,201,144.1,-201,201,58,671,665,1
2024-11-15 22:44:15.070884,183,144.1,-201,201,-18,671,667,1
2024-11-15 22:44:15.072612,95,144.3,-201,201,-88,671,668,1
2024-11-15 22:44:15.074450,-29,144.3,-201,201,-124,671,668,1
2024-11-15 22:44:15.076347,-142,144.3,-201,201,-113,671,667,1
2024-11-15 22:44:15.078298,-201,144.3,-201,201,-59,671,665,1
2024-11-15 22:44:15.080215,-183,144.3,-201,201,18,671,664,1
2024-11-15 22:44:15.081959,-94,144.3,-201,201,89,671,664,1
2024-11-15 22:44:15.083763,30,144.3,-201,201,124,671,665,1
2024-11-15 22:44:15.085666,143,144.3,-201,201,113,671,666,1
2024-11-15 22:44:15.087696,201,144.3,-201,201,58,671,668,1
2024-11-15 22:44:15.089484,183,144.3,-201,201,-18,671,668,1
2024-11-15 22:44:15.091170,94,144.2,-201,201,-89,671,667,1
2024-11-15 22:44:15.092978,-30,144.2,-201,201,-124,672,666,1
2024-11-15 22:44:15.094820,-143,144.2,-201,201,-113,671,664,1
2024-11-15 22:44:15.096614,-201,144.2,-201,201,-58,671,664,1
2024-11-15 22:44:15.098330,-182,144.2,-201,201,19,671,664,1
2024-11-15 22:44:15.100051,-94,144.2,-201,201,88,671,666,1
2024-11-15 22:44:15.101732,31,144.2,-201,201,125,671,668,1
2024-11-15 22:44:15.103491,143,144.2,-201,201,112,671,668,1
2024-11-15 22:44:15.105174,201,144.2,-201,201,58,672,668,1
2024-11-15 22:44:15.106895,183,144.2,-201,201,-18,671,667,1
2024-11-15 22:44:15.108677,94,144.2,-201,201,-89,671,665,1
2024-11-15 22:44:15.110636,-30,144.2,-201,201,-124,672,663,1
2024-11-15 22:44:15.112590,-143,144.2,-201,201,-113,671,664,1
2024-11-15 22:44:15.114408,-201,144.2,-201,201,-58,671,665,1
2024-11-15 22:44:15.116254,-182,144.2,-201,201,19,671,667,1
2024-11-15 22:44:15.118147,-93,144.2,-201,201,89,671,668,1
2024-11-15 22:44:15.120051,32,144.2,-201,201,125,671,668,1
2024-11-15 22:44:15.121840,144,144.2,-201,201,112,671,667,1
2024-11-15 22:44:15.123574,202,144.2,-201,201,58,671,666,1
2024-11-15 22:44:15.125339,182,144.2,-201,201,-20,671,664,1
2024-11-15 22:44:15.127017,93,144.2,-201,202,-89,671,664,1
2024-11-15 22:44:15.128823,-31,144.2,-201,202,-124,671,665,1
2024-11-15 22:44:15.130652,-144,144.2,-201,202,-113,671,666,1
2024-11-15 22:44:15.132452,-201,144.2,-201,202,-57,671,667,1
2024-11-15 22:44:15.134190,-181,144.2,-201,202,20,671,668,1
2024-11-15 22:44:15.135892,-93,144.2,-201,202,88,671,667,1
2024-11-15 22:44:15.137572,32,144.2,-201,202,125,671,666,1
2024-11-15 22:44:15.139319,144,144.2,-201,202,112,671,665,1
2024-11-15 22:44:15.141181,202,144.2,-201,202,58,671,664,1
2024-11-15 22:44:15.143002,182,144.2,-201,202,-20,671,664,1
2024-11-15 22:44:15.144757,93,144.2,-201,202,-89,671,665,1
2024-11-15 22:44:15.146638,-32,144.2,-201,202,-125,672,667,1
2024-11-15 22:44:15.148713,-144,144.2,-201,202,-112,671,668,1
2024-11-15 22:44:15.150717,-201,144.2,-201,202,-57,671,668,1
2024-11-15 22:44:15.152590,-181,144.2,-201,202,20,671,667,1
2024-11-15 22:44:22.188864,-241,288.3,-389,388,147,671,665,2
2024-11-15 22:44:22.193477,-2,288.3,-389,388,239,671,667,2
2024-11-15 22:44:22.195960,238,288.3,-389,388,240,671,669,2
2024-11-15 22:44:22.198101,387,288.3,-389,388,149,671,669,2
2024-11-15 22:44:22.199951,388,288.3,-389,388,1,671,668,2
2024-11-15 22:44:22.202016,241,288.3,-389,388,-147,671,665,2
2024-11-15 22:44:22.203854,2,288.3,-389,388,-239,671,664,2
2024-11-15 22:44:22.205726,-239,288,-388,388,-241,671,663,2
2024-11-15 22:44:22.207772,-387,288,-388,388,-148,671,664,2
2024-11-15 22:44:22.209556,-388,288,-388,388,-1,671,665,2
2024-11-15 22:44:22.211376,-240,288,-388,388,148,671,668,2
2024-11-15 22:44:22.213137,1,288,-388,388,241,671,669,2
2024-11-15 22:44:22.214942,239,288,-388,388,238,671,668,2
2024-11-15 22:44:22.216885,387,288,-388,388,148,672,667,2
2024-11-15 22:44:22.218732,388,288,-388,388,1,672,665,2
2024-11-15 22:44:22.220578,240,288,-388,388,-148,671,663,2
2024-11-15 22:44:22.222265,1,288,-388,388,-239,671,663,2
2024-11-15 22:44:22.224148,-239,288.1,-388,388,-240,671,664,2
2024-11-15 22:44:22.225976,-387,288.1,-388,388,-148,671,666,2
2024-11-15 22:44:22.227683,-387,288.1,-388,388,0,671,667,2
2024-11-15 22:44:22.229462,-240,288.1,-388,388,147,671,668,2
2024-11-15 22:44:22.231148,2,288.1,-388,388,242,671,668,2
2024-11-15 22:44:22.232926,239,288.1,-388,388,237,671,666,2
2024-11-15 22:44:22.234831,388,288.1,-388,388,149,671,665,2
2024-11-15 22:44:22.236605,388,288.1,-388,388,0,671,664,2
2024-11-15 22:44:22.238422,240,288.1,-388,388,-148,671,665,2
2024-11-15 22:44:22.240273,-1,288.1,-388,388,-241,671,666,2
2024-11-15 22:44:22.242288,-240,288.1,-387,388,-239,671,667,2
2024-11-15 22:44:22.244425,-387,288.1,-387,388,-147,671,667,2
2024-11-15 22:44:22.246169,-387,288.1,-387,388,0,671,667,2
2024-11-15 22:44:22.248004,-239,288.1,-387,388,148,671,666,2
2024-11-15 22:44:22.249648,2,288.1,-387,388,241,671,665,2
2024-11-15 22:44:22.251367,240,288.1,-387,388,238,671,664,2
2024-11-15 22:44:22.253106,388,288.1,-387,388,148,671,665,2
2024-11-15 22:44:22.254792,387,288.1,-387,388,-1,671,666,2
2024-11-15 22:44:22.256590,238,288.1,-387,388,-149,671,667,2
2024-11-15 22:44:22.258259,0,288.1,-387,388,-238,671,668,2
2024-11-15 22:44:22.260100,-241,287.9,-387,388,-241,671,667,2
2024-11-15 22:44:22.261939,-388,287.9,-387,388,-147,671,666,2
2024-11-15 22:44:22.263706,-387,287.9,-387,388,1,671,664,2
2024-11-15 22:44:22.265707,-238,287.9,-387,388,149,671,664,2
2024-11-15 22:44:22.267501,3,287.9,-387,388,241,671,665,2
2024-11-15 22:44:22.269319,241,287.9,-387,388,238,671,666,2
2024-11-15 22:44:22.271111,389,287.9,-387,388,148,671,668,2
2024-11-15 22:44:22.272955,387,287.9,-387,388,-2,672,668,2
2024-11-15 22:44:22.274991,238,287.9,-387,388,-149,671,668,2
2024-11-15 22:44:22.276880,-2,287.9,-387,388,-240,671,666,2
2024-11-15 22:44:22.278765,-242,288.2,-388,389,-240,671,664,2
2024-11-15 22:44:22.280662,-388,288.2,-388,389,-146,671,663,2
2024-11-15 22:44:22.282351,-387,288.2,-388,389,1,671,664,2
2024-11-15 22:44:22.284171,-237,288.2,-388,389,150,671,665,2
2024-11-15 22:44:22.285805,4,288.2,-388,389,241,671,668,2
2024-11-15 22:44:22.287586,242,288.2,-388,389,238,671,669,2
2024-11-15 22:44:22.289346,388,288.2,-388,389,146,671,669,2
2024-11-15 22:44:22.291016,386,288.2,-388,389,-2,671,667,2
2024-11-15 22:44:22.292820,237,288.2,-388,389,-149,671,665,2
2024-11-15 22:44:22.294542,-3,288.2,-388,389,-240,671,663,2
2024-11-15 22:44:22.296561,-244,288,-388,388,-241,671,663,2
2024-11-15 22:44:22.298490,-389,288,-388,388,-145,671,664,2
2024-11-15 22:44:22.300369,-386,288,-388,388,3,671,665,2
2024-11-15 22:44:22.302288,-236,288,-388,388,150,671,668,2
2024-11-15 22:44:22.304130,5,288,-388,388,241,671,669,2
2024-11-15 22:44:22.306091,243,288,-388,388,238,671,668,2
2024-11-15 22:44:22.307924,389,288,-388,388,146,671,667,2
2024-11-15 22:44:22.309612,386,288,-388,388,-3,671,665,2
2024-11-15 22:44:22.311403,235,288,-388,388,-151,671,664,2
2024-11-15 22:44:22.313191,-5,288,-388,388,-240,671,664,2
2024-11-15 22:44:22.315064,-243,288.1,-389,389,-238,671,665,2
2024-11-15 22:44:22.316923,-389,288.1,-389,389,-146,671,667,2
2024-11-15 22:44:22.318622,-386,288.1,-389,389,3,671,668,2
2024-11-15 22:44:22.320412,-235,288.1,-389,389,151,672,668,2
2024-11-15 22:44:22.322028,6,288.1,-389,389,241,671,667,2
2024-11-15 22:44:22.323777,245,288.1,-389,389,239,672,666,2
2024-11-15 22:44:22.325510,389,288.1,-389,389,144,671,664,2
2024-11-15 22:44:22.327337,385,288.1,-389,389,-4,671,664,2
2024-11-15 22:44:22.329127,234,288.1,-389,389,-151,671,665,2
2024-11-15 22:44:22.330909,-7,288.1,-389,389,-241,672,666,2
2024-11-15 22:44:22.332865,-246,287.9,-389,389,-239,671,667,2
2024-11-15 22:44:22.334826,-389,287.9,-389,389,-143,671,668,2
2024-11-15 22:44:22.336792,-385,287.9,-389,389,4,671,667,2
2024-11-15 22:44:22.338604,-233,287.9,-389,389,152,671,666,2
2024-11-15 22:44:22.340252,8,287.9,-389,389,241,671,665,2
2024-11-15 22:44:22.341992,246,287.9,-389,389,238,671,665,2
2024-11-15 22:44:22.343752,390,287.9,-389,389,144,672,665,2
2024-11-15 22:44:22.345418,385,287.9,-389,389,-5,671,666,2
2024-11-15 22:44:22.347242,233,287.9,-389,389,-152,671,667,2
2024-11-15 22:44:22.349014,-8,287.9,-389,389,-241,672,668,2
2024-11-15 22:44:22.350836,-246,288,-389,390,-238,671,667,2
2024-11-15 22:44:22.352682,-390,288,-389,390,-144,671,666,2
2024-11-15 22:44:22.354351,-385,288,-389,390,5,671,664,2
2024-11-15 22:44:22.356157,-232,288,-389,390,153,671,664,2
2024-11-15 22:44:22.357902,10,288,-389,390,242,671,665,2
2024-11-15 22:44:22.359823,247,288,-389,390,237,671,666,2
2024-11-15 22:44:22.361562,390,288,-389,390,143,671,668,2
2024-11-15 22:44:22.363293,385,288,-389,390,-5,671,668,2
2024-11-15 22:44:22.365209,232,288,-389,390,-153,671,668,2
2024-11-15 22:44:22.367143,-9,288,-389,390,-241,671,666,2
2024-11-15 22:44:22.369249,-247,288.1,-390,390,-238,671,664,2
2024-11-15 22:44:22.371120,-391,288.1,-390,390,-144,671,663,2
2024-11-15 22:44:22.372846,-384,288.1,-390,390,7,671,664,2
2024-11-15 22:44:29.409655,-97,399.2,-512,511,337,672,669,3
2024-11-15 22:44:29.414723,277,399.2,-512,511,374,671,668,3
2024-11-15 22:44:29.417357,511,399.2,-512,511,234,671,666,3
2024-11-15 22:44:29.419257,511,399.2,-512,511,0,671,665,3
2024-11-15 22:44:29.421237,433,399.2,-512,511,-78,671,664,3
2024-11-15 22:44:29.423251,96,399.2,-512,511,-337,671,664,3
2024-11-15 22:44:29.425200,-276,399.2,-512,511,-372,671,666,3
2024-11-15 22:44:29.427172,-512,399.2,-512,511,-236,671,667,3
2024-11-15 22:44:29.429019,-512,399.2,-512,511,0,671,667,3
2024-11-15 22:44:29.430848,-433,399.2,-512,511,79,671,667,3
2024-11-15 22:44:29.432733,-95,399.2,-512,511,338,671,666,3
2024-11-15 22:44:29.434549,278,399.2,-512,511,373,672,665,3
2024-11-15 22:44:29.436489,511,399.2,-512,511,233,671,665,3
2024-11-15 22:44:29.438329,511,399.2,-512,511,0,671,665,3
2024-11-15 22:44:29.440217,431,399.2,-512,511,-80,671,666,3
2024-11-15 22:44:29.441989,95,399.2,-512,511,-336,671,667,3
2024-11-15 22:44:29.443885,-278,399.2,-512,511,-373,671,667,3
2024-11-15 22:44:29.445732,-512,399.2,-512,511,-234,671,666,3
2024-11-15 22:44:29.447459,-512,399,-512,511,0,671,665,3
2024-11-15 22:44:29.449195,-431,399,-512,511,81,671,664,3
2024-11-15 22:44:29.450954,-94,399,-512,511,337,671,665,3
2024-11-15 22:44:29.452783,280,399,-512,511,374,671,666,3
2024-11-15 22:44:29.454596,511,399,-512,511,231,671,667,3
2024-11-15 22:44:29.456433,511,399,-512,511,0,671,668,3
2024-11-15 22:44:29.458255,430,399,-512,511,-81,671,668,3
2024-11-15 22:44:29.460077,93,399,-512,511,-337,671,667,3
2024-11-15 22:44:29.462024,-280,399,-512,511,-373,671,665,3
2024-11-15 22:44:29.464163,-512,399,-512,511,-232,671,664,3
2024-11-15 22:44:29.465927,-512,398.9,-512,511,0,671,663,3
2024-11-15 22:44:29.467706,-428,398.9,-512,511,84,671,664,3
2024-11-15 22:44:29.469498,-92,398.9,-512,511,336,671,666,3
2024-11-15 22:44:29.471246,281,398.9,-512,511,373,671,668,3
2024-11-15 22:44:29.473014,511,398.9,-512,511,230,671,669,3
2024-11-15 22:44:29.474652,511,398.9,-512,511,0,671,668,3
2024-11-15 22:44:29.476404,430,398.9,-512,511,-81,671,667,3
2024-11-15 22:44:29.478159,91,398.9,-512,511,-339,671,664,3
2024-11-15 22:44:29.480056,-282,398.9,-512,511,-373,671,663,3
2024-11-15 22:44:29.481889,-512,398.9,-512,511,-230,671,663,3
2024-11-15 22:44:29.483589,-512,398.7,-512,511,0,671,664,3
2024-11-15 22:44:29.485329,-429,398.7,-512,511,83,671,667,3
2024-11-15 22:44:29.487271,-90,398.7,-512,511,339,671,669,3
2024-11-15 22:44:29.489142,284,398.7,-512,511,374,671,669,3
2024-11-15 22:44:29.490947,511,398.7,-512,511,227,671,668,3
2024-11-15 22:44:29.492715,511,398.7,-512,511,0,672,666,3
2024-11-15 22:44:29.494591,427,398.7,-512,511,-84,671,664,3
2024-11-15 22:44:29.496604,90,398.7,-512,511,-337,672,663,3
2024-11-15 22:44:29.498505,-285,398.7,-512,511,-375,671,663,3
2024-11-15 22:44:29.500428,-512,398.7,-512,511,-227,671,665,3
2024-11-15 22:44:29.502130,-512,398.9,-512,511,0,671,667,3
2024-11-15 22:44:29.503912,-427,398.9,-512,511,85,671,668,3
2024-11-15 22:44:29.505648,-87,398.9,-512,511,340,671,668,3
2024-11-15 22:44:29.507396,286,398.9,-512,511,373,671,667,3
2024-11-15 22:44:29.509211,511,398.9,-512,511,225,671,666,3
2024-11-15 22:44:29.510837,511,398.9,-512,511,0,671,665,3
2024-11-15 22:44:29.512623,427,398.9,-512,511,-84,672,664,3
2024-11-15 22:44:29.514362,88,398.9,-512,511,-339,671,664,3
2024-11-15 22:44:29.516212,-285,398.9,-512,511,-373,671,666,3
2024-11-15 22:44:29.518246,-512,398.9,-512,511,-227,671,667,3
2024-11-15 22:44:29.520056,-512,398.7,-512,511,0,671,667,3
2024-11-15 22:44:29.521838,-426,398.7,-512,511,86,671,667,3
2024-11-15 22:44:29.523691,-87,398.7,-512,511,339,671,666,3
2024-11-15 22:44:29.525617,286,398.7,-512,511,373,671,665,3
2024-11-15 22:44:29.527656,511,398.7,-512,511,225,671,665,3
2024-11-15 22:44:29.529376,511,398.7,-512,511,0,671,665,3
2024-11-15 22:44:29.531134,424,398.7,-512,511,-87,671,666,3
2024-11-15 22:44:29.533003,84,398.7,-512,511,-340,671,667,3
2024-11-15 22:44:29.534884,-287,398.7,-512,511,-371,672,667,3
2024-11-15 22:44:29.536808,-512,398.7,-512,511,-225,671,666,3
2024-11-15 22:44:29.538538,-512,398.3,-512,511,0,671,665,3
2024-11-15 22:44:29.540337,-425,398.3,-512,511,87,671,664,3
2024-11-15 22:44:29.542085,-85,398.3,-512,511,340,671,665,3
2024-11-15 22:44:29.543836,289,398.3,-512,511,374,671,666,3
2024-11-15 22:44:29.545586,511,398.3,-512,511,222,671,667,3
2024-11-15 22:44:29.547229,511,398.3,-512,511,0,671,668,3
2024-11-15 22:44:29.549156,424,398.3,-512,511,-87,671,668,3
2024-11-15 22:44:29.551001,84,398.3,-512,511,-340,672,667,3
2024-11-15 22:44:29.552945,-287,398.3,-512,511,-371,672,665,3
2024-11-15 22:44:29.554869,-512,398.3,-512,511,-225,671,663,3
2024-11-15 22:44:29.556842,-512,398.4,-512,511,0,671,663,3
2024-11-15 22:44:29.558797,-424,398.4,-512,511,88,671,664,3
2024-11-15 22:44:29.560626,-84,398.4,-512,511,340,671,666,3
2024-11-15 22:44:29.562379,289,398.4,-512,511,373,671,668,3
2024-11-15 22:44:29.564172,511,398.4,-512,511,222,671,669,3
2024-11-15 22:44:29.565797,511,398.4,-512,511,0,671,668,3
2024-11-15 22:44:29.567574,422,398.4,-512,511,-89,671,667,3
2024-11-15 22:44:29.569339,81,398.4,-512,511,-341,671,664,3
2024-11-15 22:44:29.571196,-291,398.4,-512,511,-372,671,663,3
2024-11-15 22:44:29.573067,-512,398.4,-512,511,-221,671,663,3
2024-11-15 22:44:29.574754,-512,398.3,-512,511,0,671,664,3
2024-11-15 22:44:29.576535,-421,398.3,-512,511,91,671,667,3
2024-11-15 22:44:29.578288,-80,398.3,-512,511,341,671,669,3
2024-11-15 22:44:29.580180,292,398.3,-512,511,372,672,669,3
2024-11-15 22:44:29.582008,511,398.3,-512,511,219,671,668,3
2024-11-15 22:44:29.583775,511,398.3,-512,511,0,671,666,3
2024-11-15 22:44:29.585640,421,398.3,-512,511,-90,671,664,3
2024-11-15 22:44:29.587580,80,398.3,-512,511,-341,671,663,3
2024-11-15 22:44:29.589665,-292,398.3,-512,511,-372,671,663,3
2024-11-15 22:44:29.591609,-512,398.3,-512,511,-220,671,665,3
2024-11-15 22:44:29.593339,-512,398,-512,511,0,671,667,3
2024-11-15 22:44:29.595131,-420,398,-512,511,92,671,668,3
2024-11-15 22:44:36.623505,-247,427,-512,511,265,671,661,4
2024-11-15 22:44:36.627074,258,427,-512,511,505,671,664,4
2024-11-15 22:44:36.630253,511,427,-512,511,253,671,665,4
2024-11-15 22:44:36.632027,511,427,-512,511,0,671,666,4
2024-11-15 22:44:36.633722,511,427,-512,511,0,672,668,4
2024-11-15 22:44:36.635718,246,427,-512,511,-265,672,667,4
2024-11-15 22:44:36.637801,-260,427,-512,511,-506,671,666,4
2024-11-15 22:44:36.639940,-512,427,-512,511,-252,672,665,4
2024-11-15 22:44:36.642056,-512,427,-512,511,0,674,658,4
2024-11-15 22:44:36.643850,-512,427,-512,511,0,671,654,4
2024-11-15 22:44:36.645795,-243,427.3,-512,511,269,671,661,4
2024-11-15 22:44:36.647630,260,427.3,-512,511,503,671,665,4
2024-11-15 22:44:36.649469,511,427.3,-512,511,251,671,668,4
2024-11-15 22:44:36.651139,511,427.3,-512,511,0,671,668,4
2024-11-15 22:44:36.652867,511,427.3,-512,511,0,672,668,4
2024-11-15 22:44:36.654951,242,427.3,-512,511,-269,671,666,4
2024-11-15 22:44:36.656884,-263,427.3,-512,511,-505,671,663,4
2024-11-15 22:44:36.658754,-512,427.3,-512,511,-249,672,663,4
2024-11-15 22:44:36.660677,-512,427.3,-512,511,0,674,657,4
2024-11-15 22:44:36.662368,-512,427.3,-512,511,0,671,655,4
2024-11-15 22:44:36.664194,-240,427.1,-512,511,272,671,664,4
2024-11-15 22:44:36.665924,263,427.1,-512,511,503,671,668,4
2024-11-15 22:44:36.667676,511,427.1,-512,511,248,671,668,4
2024-11-15 22:44:36.669295,511,427.1,-512,511,0,671,667,4
2024-11-15 22:44:36.670931,511,427.1,-512,511,0,671,666,4
2024-11-15 22:44:36.672795,240,427.1,-512,511,-271,671,663,4
2024-11-15 22:44:36.674927,-265,427.1,-512,511,-505,671,662,4
2024-11-15 22:44:36.676902,-512,427.1,-512,511,-247,672,664,4
2024-11-15 22:44:36.678644,-512,427.1,-512,511,0,674,659,4
2024-11-15 22:44:36.680443,-512,427.1,-512,511,0,671,658,4
2024-11-15 22:44:36.682366,-238,427.1,-512,511,274,671,665,4
2024-11-15 22:44:36.684376,268,427.1,-512,511,506,671,667,4
2024-11-15 22:44:36.686134,511,427.1,-512,511,243,671,667,4
2024-11-15 22:44:36.687984,511,427.1,-512,511,0,671,665,4
2024-11-15 22:44:36.689667,511,427.1,-512,511,0,671,664,4
2024-11-15 22:44:36.691585,236,427.1,-512,511,-275,671,663,4
2024-11-15 22:44:36.693438,-267,427.1,-512,511,-503,671,664,4
2024-11-15 22:44:36.695264,-512,427.1,-512,511,-245,672,666,4
2024-11-15 22:44:36.696978,-512,427.1,-512,511,0,674,661,4
2024-11-15 22:44:36.698676,-512,427.1,-512,511,0,671,658,4
2024-11-15 22:44:36.700501,-235,427.2,-512,511,277,671,664,4
2024-11-15 22:44:36.702238,270,427.2,-512,511,505,671,665,4
2024-11-15 22:44:36.704070,511,427.2,-512,511,241,671,665,4
2024-11-15 22:44:36.705882,511,427.2,-512,511,0,671,664,4
2024-11-15 22:44:36.707645,511,427.2,-512,511,0,671,665,4
2024-11-15 22:44:36.709490,231,427.2,-512,511,-280,671,666,4
2024-11-15 22:44:36.711400,-270,427.2,-512,511,-501,671,666,4
2024-11-15 22:44:36.713485,-512,427.2,-512,511,-242,672,667,4
2024-11-15 22:44:36.715328,-512,427.2,-512,511,0,674,660,4
2024-11-15 22:44:36.717063,-512,427.2,-512,511,0,671,656,4
2024-11-15 22:44:36.719062,-233,427.1,-512,511,279,671,661,4
2024-11-15 22:44:36.720836,271,427.1,-512,511,504,671,664,4
2024-11-15 22:44:36.722572,511,427.1,-512,511,240,671,665,4
2024-11-15 22:44:36.724304,511,427.1,-512,511,0,671,666,4
2024-11-15 22:44:36.725996,511,427.1,-512,511,0,671,667,4
2024-11-15 22:44:36.727810,231,427.1,-512,511,-280,671,667,4
2024-11-15 22:44:36.729645,-272,427.1,-512,511,-503,671,666,4
2024-11-15 22:44:36.731495,-512,427.1,-512,511,-240,672,665,4
2024-11-15 22:44:36.733169,-512,427.1,-512,511,0,674,657,4
2024-11-15 22:44:36.734899,-512,427.1,-512,511,0,671,655,4
2024-11-15 22:44:36.736880,-230,427.2,-512,511,282,671,662,4
2024-11-15 22:44:36.738681,273,427.2,-512,511,503,671,665,4
2024-11-15 22:44:36.740503,511,427.2,-512,511,238,671,668,4
2024-11-15 22:44:36.742253,511,427.2,-512,511,0,671,668,4
2024-11-15 22:44:36.744079,511,427.2,-512,511,0,671,668,4
2024-11-15 22:44:36.746107,230,427.2,-512,511,-281,671,666,4
2024-11-15 22:44:36.748037,-274,427.2,-512,511,-504,671,663,4
2024-11-15 22:44:36.750123,-512,427.2,-512,511,-238,672,663,4
2024-11-15 22:44:36.751857,-512,427.2,-512,511,0,674,657,4
2024-11-15 22:44:36.753532,-512,427.2,-512,511,0,671,656,4
2024-11-15 22:44:36.755299,-228,427.2,-512,511,284,671,664,4
2024-11-15 22:44:36.757047,276,427.2,-512,511,504,672,668,4
2024-11-15 22:44:36.758929,511,427.2,-512,511,235,671,668,4
2024-11-15 22:44:36.760602,511,427.2,-512,511,0,671,667,4
2024-11-15 22:44:36.762250,511,427.2,-512,511,0,671,666,4
2024-11-15 22:44:36.764047,227,427.2,-512,511,-284,671,663,4
2024-11-15 22:44:36.765935,-277,427.2,-512,511,-504,671,662,4
2024-11-15 22:44:36.767944,-512,427.2,-512,511,-235,672,664,4
2024-11-15 22:44:36.769657,-512,427.2,-512,511,0,674,659,4
2024-11-15 22:44:36.771362,-512,427.2,-512,511,0,671,659,4
2024-11-15 22:44:36.773264,-226,427.3,-512,511,286,671,665,4
2024-11-15 22:44:36.775225,278,427.3,-512,511,504,671,668,4
2024-11-15 22:44:36.777137,511,427.3,-512,511,233,671,667,4
2024-11-15 22:44:36.778813,511,427.3,-512,511,0,671,665,4
2024-11-15 22:44:36.780723,511,427.3,-512,511,0,671,664,4
2024-11-15 22:44:36.782536,222,427.3,-512,511,-289,671,663,4
2024-11-15 22:44:36.784392,-278,427.3,-512,511,-500,671,664,4
2024-11-15 22:44:36.786224,-512,427.3,-512,511,-234,672,667,4
2024-11-15 22:44:36.787935,-512,427.3,-512,511,0,674,661,4
2024-11-15 22:44:36.789621,-512,427.3,-512,511,0,671,659,4
2024-11-15 22:44:36.791513,-223,427.2,-512,511,289,671,664,4
2024-11-15 22:44:36.793283,283,427.2,-512,511,506,671,665,4
2024-11-15 22:44:36.795027,511,427.2,-512,511,228,671,665,4
2024-11-15 22:44:36.796735,511,427.2,-512,511,0,671,664,4
2024-11-15 22:44:36.798512,511,427.2,-512,511,0,671,665,4
2024-11-15 22:44:36.800418,222,427.2,-512,511,-289,671,666,4
2024-11-15 22:44:36.802309,-283,427.2,-512,511,-505,671,666,4
2024-11-15 22:44:36.804252,-512,427.2,-512,511,-229,672,667,4
2024-11-15 22:44:36.806177,-512,427.2,-512,511,0,674,660,4
2024-11-15 22:44:36.808125,-512,427.2,-512,511,0,671,657,4
2024-11-15 22:44:43.843518,512,451.1,-512,511,0,674,656,5
2024-11-15 22:44:43.848221,-512,451.1,-512,511,0,674,654,5
2024-11-15 22:44:43.850808,-443,451.1,-512,511,69,671,658,5
2024-11-15 22:44:43.852570,182,451.1,-512,511,625,671,665,5
2024-11-15 22:44:43.854451,511,450.6,-512,511,329,671,668,5
2024-11-15 22:44:43.856297,511,450.6,-512,511,0,671,668,5
2024-11-15 22:44:43.858149,511,450.6,-512,511,0,671,667,5
2024-11-15 22:44:43.860026,441,450.6,-512,511,-70,671,665,5
2024-11-15 22:44:43.861885,-182,450.6,-512,511,-623,671,662,5
2024-11-15 22:44:43.864165,-512,450.6,-512,511,-330,674,663,5
2024-11-15 22:44:43.865907,-512,450.6,-512,511,0,674,657,5
2024-11-15 22:44:43.867651,-512,450.6,-512,511,0,674,656,5
2024-11-15 22:44:43.869500,-441,450.6,-512,511,71,671,661,5
2024-11-15 22:44:43.871321,185,450.6,-512,511,626,671,667,5
2024-11-15 22:44:43.873337,511,450.1,-512,511,326,671,667,5
2024-11-15 22:44:43.875067,511,450.1,-512,511,0,671,666,5
2024-11-15 22:44:43.876741,511,450.1,-512,511,0,671,664,5
2024-11-15 22:44:43.878554,438,450.1,-512,511,-73,671,663,5
2024-11-15 22:44:43.880684,-185,450.1,-512,511,-623,671,663,5
2024-11-15 22:44:43.882560,-512,450.1,-512,511,-327,674,665,5
2024-11-15 22:44:43.884307,-512,450.1,-512,511,0,674,660,5
2024-11-15 22:44:43.886006,-512,450.1,-512,511,0,674,657,5
2024-11-15 22:44:43.887780,-439,450.1,-512,511,73,671,661,5
2024-11-15 22:44:43.889494,187,450.1,-512,511,626,671,665,5
2024-11-15 22:44:43.891281,511,449.8,-512,511,324,671,665,5
2024-11-15 22:44:43.893120,511,449.8,-512,511,0,671,664,5
2024-11-15 22:44:43.894790,511,449.8,-512,511,0,671,664,5
2024-11-15 22:44:43.896737,435,449.8,-512,511,-76,671,664,5
2024-11-15 22:44:43.898767,-188,449.8,-512,511,-623,671,665,5
2024-11-15 22:44:43.900885,-512,449.8,-512,511,-324,674,667,5
2024-11-15 22:44:43.902659,-512,449.8,-512,511,0,674,660,5
2024-11-15 22:44:43.904399,-512,449.8,-512,511,0,674,657,5
2024-11-15 22:44:43.906167,-436,449.8,-512,511,76,671,658,5
2024-11-15 22:44:43.907960,190,449.8,-512,511,626,671,663,5
2024-11-15 22:44:43.909682,511,449.5,-512,511,321,671,664,5
2024-11-15 22:44:43.911329,511,449.5,-512,511,0,671,665,5
2024-11-15 22:44:43.912957,511,449.5,-512,511,0,671,666,5
2024-11-15 22:44:43.914918,434,449.5,-512,511,-77,671,667,5
2024-11-15 22:44:43.916787,-191,449.5,-512,511,-625,671,666,5
2024-11-15 22:44:43.918611,-512,449.5,-512,511,-321,674,666,5
2024-11-15 22:44:43.920322,-512,449.5,-512,511,0,675,658,5
2024-11-15 22:44:43.922005,-512,449.5,-512,511,0,674,654,5
2024-11-15 22:44:43.923951,-430,449.5,-512,511,82,671,657,5
2024-11-15 22:44:43.925784,194,449.5,-512,511,624,671,663,5
2024-11-15 22:44:43.927635,511,449.1,-512,511,317,671,665,5
2024-11-15 22:44:43.929341,511,449.1,-512,511,0,672,667,5
2024-11-15 22:44:43.931308,511,449.1,-512,511,0,671,668,5
2024-11-15 22:44:43.933355,430,449.1,-512,511,-81,671,667,5
2024-11-15 22:44:43.935258,-195,449.1,-512,511,-625,671,665,5
2024-11-15 22:44:43.937144,-512,449.1,-512,511,-317,674,664,5
2024-11-15 22:44:43.938835,-512,449.1,-512,511,0,674,656,5
2024-11-15 22:44:43.940565,-512,449.1,-512,511,0,674,654,5
2024-11-15 22:44:43.942321,-427,449.1,-512,511,85,671,658,5
2024-11-15 22:44:43.944099,197,449.1,-512,511,624,671,665,5
2024-11-15 22:44:43.945823,511,448.8,-512,511,314,671,668,5
2024-11-15 22:44:43.947722,511,448.8,-512,511,0,671,668,5
2024-11-15 22:44:43.949404,511,448.8,-512,511,0,671,667,5
2024-11-15 22:44:43.951145,427,448.8,-512,511,-84,671,664,5
2024-11-15 22:44:43.953046,-198,448.8,-512,511,-625,671,662,5
2024-11-15 22:44:43.955038,-512,448.8,-512,511,-314,674,663,5
2024-11-15 22:44:43.956838,-512,448.8,-512,511,0,674,657,5
2024-11-15 22:44:43.958549,-512,448.8,-512,511,0,674,656,5
2024-11-15 22:44:43.960384,-426,448.8,-512,511,86,671,661,5
2024-11-15 22:44:43.962236,202,448.8,-512,511,628,671,667,5
2024-11-15 22:44:43.964472,511,448.7,-512,511,309,671,667,5
2024-11-15 22:44:43.966148,511,448.7,-512,511,0,671,666,5
2024-11-15 22:44:43.967821,511,448.7,-512,511,0,671,664,5
2024-11-15 22:44:43.969578,424,448.7,-512,511,-87,671,663,5
2024-11-15 22:44:43.971438,-202,448.7,-512,511,-626,671,663,5
2024-11-15 22:44:43.973308,-512,448.7,-512,511,-310,674,665,5
2024-11-15 22:44:43.974985,-512,448.7,-512,511,0,674,660,5
2024-11-15 22:44:43.976679,-512,448.7,-512,511,0,674,657,5
2024-11-15 22:44:43.978447,-423,448.7,-512,511,89,671,661,5
2024-11-15 22:44:43.980422,204,448.7,-512,511,627,671,665,5
2024-11-15 22:44:43.982187,511,448.4,-512,511,307,671,665,5
2024-11-15 22:44:43.983867,511,448.4,-512,511,0,671,664,5
2024-11-15 22:44:43.985661,511,448.4,-512,511,0,671,664,5
2024-11-15 22:44:43.987507,421,448.4,-512,511,-90,671,664,5
2024-11-15 22:44:43.989396,-205,448.4,-512,511,-626,671,665,5
2024-11-15 22:44:43.991310,-512,448.4,-512,511,-307,674,667,5
2024-11-15 22:44:43.993156,-512,448.4,-512,511,0,674,660,5
2024-11-15 22:44:43.995037,-512,448.4,-512,511,0,674,656,5
2024-11-15 22:44:43.996996,-420,448.4,-512,511,92,671,658,5
2024-11-15 22:44:43.998832,205,448.4,-512,511,625,671,663,5
2024-11-15 22:44:44.000636,511,448,-512,511,306,671,664,5
2024-11-15 22:44:44.002294,511,448,-512,511,0,671,665,5
2024-11-15 22:44:44.003964,511,448,-512,511,0,671,666,5
2024-11-15 22:44:44.005696,417,448,-512,511,-94,671,667,5
2024-11-15 22:44:44.007577,-211,448,-512,511,-628,671,666,5
2024-11-15 22:44:44.009402,-512,448,-512,511,-301,674,666,5
2024-11-15 22:44:44.011079,-512,448,-512,511,0,675,658,5
2024-11-15 22:44:44.012822,-512,448,-512,511,0,675,654,5
2024-11-15 22:44:44.014771,-414,448,-512,511,98,671,657,5
2024-11-15 22:44:44.016683,211,448,-512,511,625,671,663,5
2024-11-15 22:44:44.018506,511,447.7,-512,511,300,671,666,5
2024-11-15 22:44:44.020230,511,447.7,-512,511,0,671,667,5
2024-11-15 22:44:44.021945,511,447.7,-512,511,0,671,668,5
2024-11-15 22:44:44.023842,414,447.7,-512,511,-97,671,667,5
2024-11-15 22:44:44.025945,-213,447.7,-512,511,-627,671,665,5
2024-11-15 22:44:44.027873,-512,447.7,-512,511,-299,674,664,5
